"Product","SKU","Colour","Category","Cost","Sale price","Supplier","Barcode"
"76mm Sign - Fire Escape Keep Clear - Face Fix","SEX1021SSS","Satin Stainless Steel","Signage","0.60","1.20","Carlisle Brass",""
"76mm Sign - Female - Face Fix","SEX1012SSS","Satin Stainless Steel","Signage","0.60","1.20","Carlisle Brass",""
"Escutcheon - Euro Profile - Push-on Round Rose","CSE1005SSS","Satin Stainless Steel","Escutcheons","0.50","1.00","Carlisle Brass",""
"76mm Sign - Automatic Fire Door Keep Clear - Face Fix","SEX1022SSS","Satin Stainless Steel","Signage","0.60","1.20","Carlisle Brass",""
"76mm Sign - Accessible - Face Fix","SEX1017SSS","Satin Stainless Steel","Signage","0.60","1.20","Carlisle Brass",""
"60mm DIN Euro Sashlock - 72mm c/c - Radius","DLX7260EPSSS/R","Satin Stainless Steel","Locks","5.30","10.60","Carlisle Brass",""
"76mm Sign - Fire Door Keep Locked - Face Fix","SEX1015SSS","Satin Stainless Steel","Signage","0.60","1.20","Carlisle Brass",""
"76mm Sign - Fire Door Keep Locked Shut - Face Fix","SEX1023SSS","Satin Stainless Steel","Signage","0.60","1.20","Carlisle Brass",""
"19mm Dia. D Pull Handle - 300mm c/c - Bolt Through Fixing","CSD1300SSS","Satin Stainless Steel","Pull Handles","2.10","4.20","Carlisle Brass",""
"60mm DIN Euro Deadlock - Radius","DLX0060EPSSS/R","Satin Stainless Steel","Locks","4.70","9.40","Carlisle Brass",""
"76mm Sign - Fire Door Keep Shut - Face Fix","SEX1016SSS","Satin Stainless Steel","Signage","0.60","1.20","Carlisle Brass",""
"76mm Sign - Male - Face Fix","SEX1011SSS","Satin Stainless Steel","Signage","0.60","1.20","Carlisle Brass",""
"Nera 19mm Safety Lever on Sprung Push-on Round Rose","CSL1190SSS","Satin Stainless Steel","Lever Handles","3.60","7.20","Carlisle Brass",""
