"INS stock code","Description","Customer","Supplier","Qty","Cost","Sale price","Status"
"SEX1021SSS","76mm Sign - Fire Escape Keep Clear - Face Fix","","Design and Supply Limited","200","0.60","1.20","ordered"
"SEX1012SSS","76mm Sign - Female - Face Fix","","Design and Supply Limited","200","0.60","1.20","ordered"
"CSE1005SSS","Escutcheon - Euro Profile - Push-on Round Rose","","Design and Supply Limited","40","0.50","1.00","ordered"
"SEX1022SSS","76mm Sign - Automatic Fire Door Keep Clear - Face Fix","","Design and Supply Limited","200","0.60","1.20","ordered"
"SEX1017SSS","76mm Sign - Accessible - Face Fix","","Design and Supply Limited","200","0.60","1.20","ordered"
"DLX7260EPSSS/R","60mm DIN Euro Sashlock - 72mm c/c - Radius","","Design and Supply Limited","20","5.30","10.60","ordered"
"SEX1015SSS","76mm Sign - Fire Door Keep Locked - Face Fix","","Design and Supply Limited","200","0.60","1.20","ordered"
"SEX1023SSS","76mm Sign - Fire Door Keep Locked Shut - Face Fix","","Design and Supply Limited","200","0.60","1.20","ordered"
"CSD1300SSS","19mm Dia. D Pull Handle - 300mm c/c - Bolt Through Fixing","","Design and Supply Limited","60","2.10","4.20","ordered"
"DLX0060EPSSS/R","60mm DIN Euro Deadlock - Radius","","Design and Supply Limited","20","4.70","9.40","ordered"
"SEX1016SSS","76mm Sign - Fire Door Keep Shut - Face Fix","","Design and Supply Limited","200","0.60","1.20","ordered"
"SEX1011SSS","76mm Sign - Male - Face Fix","","Design and Supply Limited","200","0.60","1.20","ordered"
"CSL1190SSS","Nera 19mm Safety Lever on Sprung Push-on Round Rose","","Design and Supply Limited","60","3.60","7.20","ordered"
